{
  "errorId": null,
  "questionParentId": "0",
  "itemList": [],
  "note": "",
  "questionType": "7",
  "typeLevelLabelId": "21",
  "noteFileList": [],
  "fileList": [],
  "itemEmpty": "0",
  "answerList": [],
  "defaultScore": "0.0",
  "typeLevelLabelName": null,
  "title": "阅读理解。<br>    走进大自然<br>    追着小鸟，走进密林，<br>    追着小溪，走进深山， <br>    追着蝴蝶，追着野花， <br>    我们走进大自然。<br><br>    让小楼去敲醒每一块山石，<br>    让画笔去访问每一片花瓣，<br>    高高举起洁白的昆虫网，<br>    网住一个斑斓的春天。<br><br>    把自己变成大树吧，<br>    去体验大地的深沉；<br>    把自己变成白云吧，<br>    去感受蓝天的辽远。<br>    （    ）将自己融进大自然，<br>    （    ）能懂得生活多么灿烂。 ",
  "degreeName": "7",
  "degree": "0.7",
  "questionTypeName": null,
  "questionId": "CNBJTW0200002028401",
  "refertimes": "9",
  "childQuestionList": [
    {
      "errorId": null,
      "questionParentId": "CNBJTW0200002028401",
      "itemList": [
        {
          "sequenceNo": "0",
          "colNo": null,
          "rowLable": "1",
          "width": "0",
          "content": "热爱大自然  ",
          "height": "0"
        },
        {
          "sequenceNo": "1",
          "colNo": null,
          "rowLable": "1",
          "width": "0",
          "content": "好好学习  ",
          "height": "0"
        }
      ],
      "note": "",
      "questionType": "1",
      "typeLevelLabelId": "1",
      "noteFileList": [],
      "fileList": [],
      "itemEmpty": "0",
      "answerList": [
        {
          "sequenceNo": "0",
          "content": "0",
          "score": "2.000000"
        }
      ],
      "defaultScore": "2.0",
      "typeLevelLabelName": null,
      "title": "这首诗歌有<font family=\"Times New Roman\">3</font>个小节，使我懂得了一定要（    ） ",
      "degreeName": null,
      "degree": null,
      "questionTypeName": null,
      "questionId": "CNBJTW0200002032217",
      "refertimes": null,
      "childQuestionList": null,
      "statis": {
        "totalAnswer": 3,
        "totalRightAnser": 33,
        "commonMistake": ""
      },
      "isSubjective": 0,
      "creator": null
    },
    {
      "errorId": null,
      "questionParentId": "CNBJTW0200002028401",
      "itemList": [],
      "note": "",
      "questionType": "4",
      "typeLevelLabelId": "4",
      "noteFileList": [],
      "fileList": [],
      "itemEmpty": "0",
      "answerList": [
        {
          "sequenceNo": "0",
          "content": "敲醒",
          "score": "1.000000"
        },
        {
          "sequenceNo": "1",
          "content": "访问",
          "score": "1.000000"
        },
        {
          "sequenceNo": "2",
          "content": "举起",
          "score": "1.000000"
        },
        {
          "sequenceNo": "3",
          "content": "网住",
          "score": "1.000000"
        }
      ],
      "defaultScore": "4.0",
      "typeLevelLabelName": null,
      "title": "写出第<font family=\"Times New Roman\">2</font>小节中表示动作的词语，分别是 #BLANK# #BLANK# #BLANK# #BLANK#",
      "degreeName": null,
      "degree": null,
      "questionTypeName": null,
      "questionId": "CNBJTW0200002032219",
      "refertimes": null,
      "childQuestionList": null,
      "statis": {
        "totalAnswer": 3,
        "totalRightAnser": 33,
        "commonMistake": ""
      },
      "isSubjective": 1,
      "creator": null
    },
    {
      "errorId": null,
      "questionParentId": "CNBJTW0200002028401",
      "itemList": [],
      "note": "",
      "questionType": "4",
      "typeLevelLabelId": "4",
      "noteFileList": [],
      "fileList": [],
      "itemEmpty": "0",
      "answerList": [
        {
          "sequenceNo": "0",
          "content": "只要",
          "score": "1.000000"
        },
        {
          "sequenceNo": "1",
          "content": "就",
          "score": "1.000000"
        }
      ],
      "defaultScore": "2.0",
      "typeLevelLabelName": null,
      "title": "写出诗中括号里应填入的恰当的关联词语。 <br>#BLANK#  #BLANK#",
      "degreeName": null,
      "degree": null,
      "questionTypeName": null,
      "questionId": "CNBJTW0200002032218",
      "refertimes": null,
      "childQuestionList": null,
      "statis": {
        "totalAnswer": 3,
        "totalRightAnser": 33,
        "commonMistake": ""
      },
      "isSubjective": 1,
      "creator": null
    }
  ],
  "statis": null,
  "isSubjective": 0,
  "creator": "TWPAAS1200000000016"
}

{
  "classId": "CJTWBS1S600000024988",
  "paperId": "CJTWBS1S600000145512",
  "publishId": "CJTWBS1S600000257358",
  "finish": "1",
  "spendTime": 56,
  "questionInfoList": [
    {
      "questionId": "CNBJTW0200002028401",
      "publishId": "CJTWBS1S600000257358",
      "orderNo": "3.1",
      "childId": "CNBJTW0200002032217",
      "studentId": "E000001P200000135897",
      "typeLevel": "1",
      "answerList": [
        {
          "questionId": "CNBJTW0200002032217",
          "sequenceNo": 0,
          "userAnswer": "1",
          "attachmentList": []
        }
      ],
      "attachmentList": []
    },
    {
      "questionId": "CNBJTW0200002028401",
      "publishId": "CJTWBS1S600000257358",
      "orderNo": "3.2",
      "childId": "CNBJTW0200002032219",
      "studentId": "E000001P200000135897",
      "typeLevel": "4",
      "answerList": [
        {
          "questionId": "CNBJTW0200002032219",
          "sequenceNo": 0,
          "userAnswer": "1a",
          "attachmentList": []
        },
        {
          "questionId": "CNBJTW0200002032219",
          "sequenceNo": 1,
          "userAnswer": "1b",
          "attachmentList": []
        },
        {
          "questionId": "CNBJTW0200002032219",
          "sequenceNo": 2,
          "userAnswer": "1c",
          "attachmentList": []
        },
        {
          "questionId": "CNBJTW0200002032219",
          "sequenceNo": 3,
          "userAnswer": "1d",
          "attachmentList": []
        }
      ],
      "attachmentList": []
    },
    {
      "questionId": "CNBJTW0200002028401",
      "publishId": "CJTWBS1S600000257358",
      "orderNo": "3.3",
      "childId": "CNBJTW0200002032218",
      "studentId": "E000001P200000135897",
      "typeLevel": "4",
      "answerList": [
        {
          "questionId": "CNBJTW0200002032218",
          "sequenceNo": 0,
          "userAnswer": "2a",
          "attachmentList": []
        },
        {
          "questionId": "CNBJTW0200002032218",
          "sequenceNo": 1,
          "userAnswer": "2b",
          "attachmentList": []
        }
      ],
      "attachmentList": []
    }
  ]
}

{
  "responseEntity": null,
  "pageInfo": {
    "pageNum": 0,
    "pageSize": 0,
    "size": 0,
    "startRow": 0,
    "endRow": 0,
    "total": 7,
    "pages": 0,
    "list": [
      {
        "childId": "CNBJTW0200002032218",
        "result": "2",
        "questionId": "CNBJTW0200002028401",
        "orderNo": "1",
        "isSubjective": 1,
        "spendTime": null,
        "errorId": null,
        "publishId": "CJTWBS1S600000257358",
        "studentId": "E000001P200000135897",
        "paperResultId": "CJTWBS1S600015709464",
        "score": 2,
        "answer": "2a",
        "typeLevel": "4",
        "answerCount": 0,
        "correctRate": 0,
        "commonMistakeAnswer": "",
        "attachmentList": [],
        "answerList": [
          {
            "sequenceNo": 0,
            "userAnswer": "2a",
            "score": 1,
            "result": "2"
          },
          {
            "sequenceNo": 1,
            "userAnswer": "2b",
            "score": 1,
            "result": "2"
          }
        ],
        "answerSource": "0"
      },
      {
        "childId": "CNBJTW0200002032219",
        "result": "2",
        "questionId": "CNBJTW0200002028401",
        "orderNo": "1",
        "isSubjective": 1,
        "spendTime": null,
        "errorId": null,
        "publishId": "CJTWBS1S600000257358",
        "studentId": "E000001P200000135897",
        "paperResultId": "CJTWBS1S600015709463",
        "score": 4,
        "answer": "1a",
        "typeLevel": "4",
        "answerCount": 0,
        "correctRate": 0,
        "commonMistakeAnswer": "",
        "attachmentList": [],
        "answerList": [
          {
            "sequenceNo": 0,
            "userAnswer": "1a",
            "score": 1,
            "result": "2"
          },
          {
            "sequenceNo": 1,
            "userAnswer": "1b",
            "score": 1,
            "result": "2"
          },
          {
            "sequenceNo": 2,
            "userAnswer": "1c",
            "score": 1,
            "result": "2"
          },
          {
            "sequenceNo": 3,
            "userAnswer": "1d",
            "score": 1,
            "result": "2"
          }
        ],
        "answerSource": "0"
      },
      {
        "childId": "CNBJTW0200002032217",
        "result": "1",
        "questionId": "CNBJTW0200002028401",
        "orderNo": "1",
        "isSubjective": 0,
        "spendTime": null,
        "errorId": null,
        "publishId": "CJTWBS1S600000257358",
        "studentId": "E000001P200000135897",
        "paperResultId": "CJTWBS1S600015709462",
        "score": 0,
        "answer": "1",
        "typeLevel": "1",
        "answerCount": 0,
        "correctRate": 0,
        "commonMistakeAnswer": "",
        "attachmentList": [],
        "answerList": [
          {
            "sequenceNo": 0,
            "userAnswer": "1",
            "score": 0,
            "result": "1"
          }
        ],
        "answerSource": "0"
      }
    ],
    "firstPage": 0,
    "prePage": 0,
    "nextPage": 0,
    "lastPage": 0,
    "isFirstPage": false,
    "isLastPage": false,
    "hasPreviousPage": false,
    "hasNextPage": false,
    "navigatePages": 0,
    "navigatepageNums": null
  },
  "serverResult": {
    "resultCode": "200",
    "resultMessage": "操作成功",
    "internalMessage": null
  }
}